-- MySQL Script generated by MySQL Workbench
-- Tue Oct  6 19:03:25 2015
-- Model: New Model    Version: 1.0
-- MySQL Workbench Forward Engineering

SET @OLD_UNIQUE_CHECKS=@@UNIQUE_CHECKS, UNIQUE_CHECKS=0;
SET @OLD_FOREIGN_KEY_CHECKS=@@FOREIGN_KEY_CHECKS, FOREIGN_KEY_CHECKS=0;
SET @OLD_SQL_MODE=@@SQL_MODE, SQL_MODE='TRADITIONAL,ALLOW_INVALID_DATES';

-- -----------------------------------------------------
-- Schema njp13b
-- -----------------------------------------------------
DROP SCHEMA IF EXISTS `njp13b` ;

-- -----------------------------------------------------
-- Schema njp13b
-- -----------------------------------------------------
CREATE SCHEMA IF NOT EXISTS `njp13b` DEFAULT CHARACTER SET utf8 COLLATE utf8_general_ci ;
SHOW WARNINGS;
USE `njp13b` ;

-- -----------------------------------------------------
-- Table `njp13b`.`petstore`
-- -----------------------------------------------------
DROP TABLE IF EXISTS `njp13b`.`petstore` ;

SHOW WARNINGS;
CREATE TABLE IF NOT EXISTS `njp13b`.`petstore` (
  `pst_id` SMALLINT NOT NULL,
  `pst_name` VARCHAR(30) NOT NULL,
  `pst_street` VARCHAR(30) NOT NULL,
  `pst_city` VARCHAR(30) NOT NULL,
  `pst_state` CHAR(2) NOT NULL,
  `pst_zip` INT(9) NOT NULL,
  `pst_phone` BIGINT NOT NULL,
  `pst_email` VARCHAR(100) NOT NULL,
  `pst_url` VARCHAR(100) NOT NULL,
  `pst_ytd_sales` DECIMAL(10,2) NOT NULL,
  `pst_notes` VARCHAR(255) NULL,
  PRIMARY KEY (`pst_id`))
ENGINE = InnoDB;

SHOW WARNINGS;

-- -----------------------------------------------------
-- Table `njp13b`.`customer`
-- -----------------------------------------------------
DROP TABLE IF EXISTS `njp13b`.`customer` ;

SHOW WARNINGS;
CREATE TABLE IF NOT EXISTS `njp13b`.`customer` (
  `cus_id` SMALLINT NULL,
  `cus_fname` VARCHAR(15) NOT NULL,
  `cus_lname` VARCHAR(30) NOT NULL,
  `cus_street` VARCHAR(30) NOT NULL,
  `cus_city` VARCHAR(30) NOT NULL,
  `cus_state` CHAR(2) NOT NULL,
  `cus_zip` INT NOT NULL,
  `cus_phone` BIGINT NOT NULL,
  `cus_email` VARCHAR(100) NOT NULL,
  `cus_balance` DECIMAL(6,2) NOT NULL,
  `cus_total_sales` DECIMAL(6,2) NOT NULL,
  `cus_notes` VARCHAR(255) NULL,
  PRIMARY KEY (`cus_id`))
ENGINE = InnoDB;

SHOW WARNINGS;

-- -----------------------------------------------------
-- Table `njp13b`.`pet`
-- -----------------------------------------------------
DROP TABLE IF EXISTS `njp13b`.`pet` ;

SHOW WARNINGS;
CREATE TABLE IF NOT EXISTS `njp13b`.`pet` (
  `pet_id` SMALLINT NOT NULL,
  `pst_id` SMALLINT NOT NULL,
  `cus_id` SMALLINT NULL,
  `pet_type` VARCHAR(45) NOT NULL,
  `pet_sex` ENUM('m','f') NOT NULL,
  `pet_cost` DECIMAL(6,2) NOT NULL,
  `pet_price` DECIMAL(6,2) NOT NULL,
  `pet_age` TINYINT NOT NULL,
  `pet_color` VARCHAR(30) NOT NULL,
  `pet_sale_date` DATE NULL,
  `pet_vaccine` ENUM('y','n') NOT NULL,
  `pet_neuter` ENUM('y','n') NOT NULL,
  `pet_notes` VARCHAR(255) NULL,
  PRIMARY KEY (`pet_id`),
  INDEX `fk_pet_petstore_idx` (`pst_id` ASC),
  INDEX `fk_pet_customer1_idx` (`cus_id` ASC),
  CONSTRAINT `fk_pet_petstore`
    FOREIGN KEY (`pst_id`)
    REFERENCES `njp13b`.`petstore` (`pst_id`)
    ON DELETE NO ACTION
    ON UPDATE NO ACTION,
  CONSTRAINT `fk_pet_customer1`
    FOREIGN KEY (`cus_id`)
    REFERENCES `njp13b`.`customer` (`cus_id`)
    ON DELETE NO ACTION
    ON UPDATE NO ACTION)
ENGINE = InnoDB;

SHOW WARNINGS;

SET SQL_MODE=@OLD_SQL_MODE;
SET FOREIGN_KEY_CHECKS=@OLD_FOREIGN_KEY_CHECKS;
SET UNIQUE_CHECKS=@OLD_UNIQUE_CHECKS;

-- -----------------------------------------------------
-- Data for table `njp13b`.`petstore`
-- -----------------------------------------------------
START TRANSACTION;
USE `njp13b`;
INSERT INTO `njp13b`.`petstore` (`pst_id`, `pst_name`, `pst_street`, `pst_city`, `pst_state`, `pst_zip`, `pst_phone`, `pst_email`, `pst_url`, `pst_ytd_sales`, `pst_notes`) VALUES (1, 'Pet World', 'Long', 'Altamonte Springs', 'FL', 32305, 4071935032, 'petworld@petworld.com', 'petworld.com', 234059.23, 'note1');
INSERT INTO `njp13b`.`petstore` (`pst_id`, `pst_name`, `pst_street`, `pst_city`, `pst_state`, `pst_zip`, `pst_phone`, `pst_email`, `pst_url`, `pst_ytd_sales`, `pst_notes`) VALUES (2, 'World of Pets', 'Emerald', 'Apopka', 'FL', 32349, 4072946632, 'wop@gmail.com', 'worldofpets.com', 68391.54, 'note2');
INSERT INTO `njp13b`.`petstore` (`pst_id`, `pst_name`, `pst_street`, `pst_city`, `pst_state`, `pst_zip`, `pst_phone`, `pst_email`, `pst_url`, `pst_ytd_sales`, `pst_notes`) VALUES (3, 'The Pet Store', 'High', 'Orlando', 'FL', 08844, 8501249920, 'petstore@yahoo.com', 'petstore.net', 38796503.67, 'note3');
INSERT INTO `njp13b`.`petstore` (`pst_id`, `pst_name`, `pst_street`, `pst_city`, `pst_state`, `pst_zip`, `pst_phone`, `pst_email`, `pst_url`, `pst_ytd_sales`, `pst_notes`) VALUES (4, 'Petsmart', 'Tennessee', 'Oveido', 'FL', 32405, 4073394493, 'petsmart@aim.com', 'petsmart.com', 46783465.49, 'note4');
INSERT INTO `njp13b`.`petstore` (`pst_id`, `pst_name`, `pst_street`, `pst_city`, `pst_state`, `pst_zip`, `pst_phone`, `pst_email`, `pst_url`, `pst_ytd_sales`, `pst_notes`) VALUES (5, 'Petco', 'White', 'Mount Dora', 'FL', 56342, 3219984737, 'petco@yahoo.com', 'petco.com', 2819453.09, 'note5');
INSERT INTO `njp13b`.`petstore` (`pst_id`, `pst_name`, `pst_street`, `pst_city`, `pst_state`, `pst_zip`, `pst_phone`, `pst_email`, `pst_url`, `pst_ytd_sales`, `pst_notes`) VALUES (6, 'Pets R Us', 'Call', 'Ocoee', 'FL', 30965, 3214394014, 'petsrus@bellsouth.net', 'petsrus.com', 45791953.94, 'note6');
INSERT INTO `njp13b`.`petstore` (`pst_id`, `pst_name`, `pst_street`, `pst_city`, `pst_state`, `pst_zip`, `pst_phone`, `pst_email`, `pst_url`, `pst_ytd_sales`, `pst_notes`) VALUES (7, 'Pet Zone', 'Ocala', 'Kissimmee', 'FL', 68572, 4073801281, 'petzone@hotmail.com', 'petzone.com', 123458.93, 'note7');
INSERT INTO `njp13b`.`petstore` (`pst_id`, `pst_name`, `pst_street`, `pst_city`, `pst_state`, `pst_zip`, `pst_phone`, `pst_email`, `pst_url`, `pst_ytd_sales`, `pst_notes`) VALUES (8, 'Pet Town', 'Escambia', 'Tallahassee', 'FL', 09923, 4079209720, 'pettown@pettown.com', 'pettown.net', 683211.54, 'note8');
INSERT INTO `njp13b`.`petstore` (`pst_id`, `pst_name`, `pst_street`, `pst_city`, `pst_state`, `pst_zip`, `pst_phone`, `pst_email`, `pst_url`, `pst_ytd_sales`, `pst_notes`) VALUES (9, 'PETS', 'Pensacola', 'Pensacola', 'FL', 12458, 9083329103, 'pets@gmail.com', 'pets.org', 48505835.78, 'note9');
INSERT INTO `njp13b`.`petstore` (`pst_id`, `pst_name`, `pst_street`, `pst_city`, `pst_state`, `pst_zip`, `pst_phone`, `pst_email`, `pst_url`, `pst_ytd_sales`, `pst_notes`) VALUES (10, 'Store for Pets', 'Pierson', 'Miami', 'FL', 10029, 4078840213, 'storeforpets@aim.com', 'storeforpets.com', 964892.60, 'note10');

COMMIT;


-- -----------------------------------------------------
-- Data for table `njp13b`.`customer`
-- -----------------------------------------------------
START TRANSACTION;
USE `njp13b`;
INSERT INTO `njp13b`.`customer` (`cus_id`, `cus_fname`, `cus_lname`, `cus_street`, `cus_city`, `cus_state`, `cus_zip`, `cus_phone`, `cus_email`, `cus_balance`, `cus_total_sales`, `cus_notes`) VALUES (1, 'Nick', 'Powell', 'Super', 'Tallahassee', 'FL', 32305, 4071284930, 'nick@yahoo.com', 32, 2346, 'note1');
INSERT INTO `njp13b`.`customer` (`cus_id`, `cus_fname`, `cus_lname`, `cus_street`, `cus_city`, `cus_state`, `cus_zip`, `cus_phone`, `cus_email`, `cus_balance`, `cus_total_sales`, `cus_notes`) VALUES (2, 'Andre', 'Melchionda', 'Rose', 'Orlando', 'FL', 32395, 4894892534, 'andre@yahoo.com', 562, 12683, 'note2');
INSERT INTO `njp13b`.`customer` (`cus_id`, `cus_fname`, `cus_lname`, `cus_street`, `cus_city`, `cus_state`, `cus_zip`, `cus_phone`, `cus_email`, `cus_balance`, `cus_total_sales`, `cus_notes`) VALUES (3, 'Austin', 'Sabbarese', 'Butterfly', 'Apopka', 'FL', 89823, 3324664455, 'austin@aim.com', 23, 345, 'note3');
INSERT INTO `njp13b`.`customer` (`cus_id`, `cus_fname`, `cus_lname`, `cus_street`, `cus_city`, `cus_state`, `cus_zip`, `cus_phone`, `cus_email`, `cus_balance`, `cus_total_sales`, `cus_notes`) VALUES (4, 'Morgan', 'Newton', 'Betty', 'Hillsborough', 'FL', 90923, 5982858952, 'morgan@orange.com', 67689, 4, 'note4');
INSERT INTO `njp13b`.`customer` (`cus_id`, `cus_fname`, `cus_lname`, `cus_street`, `cus_city`, `cus_state`, `cus_zip`, `cus_phone`, `cus_email`, `cus_balance`, `cus_total_sales`, `cus_notes`) VALUES (5, 'Amanda', 'Johnson', 'Coliseum', 'Montgomery', 'FL', 45421, 1093059233, 'amanda@gmail.com', 4, 13485, 'note5');
INSERT INTO `njp13b`.`customer` (`cus_id`, `cus_fname`, `cus_lname`, `cus_street`, `cus_city`, `cus_state`, `cus_zip`, `cus_phone`, `cus_email`, `cus_balance`, `cus_total_sales`, `cus_notes`) VALUES (6, 'John', 'Smith', 'Strozier', 'West Plainfield', 'FL', 58032, 9920345284, 'john@hotmail.com', 284256, 222566, 'note6');
INSERT INTO `njp13b`.`customer` (`cus_id`, `cus_fname`, `cus_lname`, `cus_street`, `cus_city`, `cus_state`, `cus_zip`, `cus_phone`, `cus_email`, `cus_balance`, `cus_total_sales`, `cus_notes`) VALUES (7, 'Mark', 'Jowett', 'Cawthon', 'Wachung', 'FL', 32344, 4074999284, 'mark@bellsouth.net', 9075, 125, 'note7');
INSERT INTO `njp13b`.`customer` (`cus_id`, `cus_fname`, `cus_lname`, `cus_street`, `cus_city`, `cus_state`, `cus_zip`, `cus_phone`, `cus_email`, `cus_balance`, `cus_total_sales`, `cus_notes`) VALUES (8, 'Alex', 'Rodriguez', 'Bellamy', 'Pine Hills', 'FL', 09944, 4079289305, 'alex@rodriguez.org', 456, 852, 'note8');
INSERT INTO `njp13b`.`customer` (`cus_id`, `cus_fname`, `cus_lname`, `cus_street`, `cus_city`, `cus_state`, `cus_zip`, `cus_phone`, `cus_email`, `cus_balance`, `cus_total_sales`, `cus_notes`) VALUES (9, 'Bob', 'Lang', 'Landis', 'Doctor Phillips', 'FL', 00884, 3213245463, 'bob@yahoo.com', 32567, 3, 'note9');
INSERT INTO `njp13b`.`customer` (`cus_id`, `cus_fname`, `cus_lname`, `cus_street`, `cus_city`, `cus_state`, `cus_zip`, `cus_phone`, `cus_email`, `cus_balance`, `cus_total_sales`, `cus_notes`) VALUES (10, 'Amy', 'Poler', 'Oxford', 'Saint Andrews', 'FL', 11933, 3218394382, 'amy@gmail.com', 2351, 8349, 'note10');

COMMIT;


-- -----------------------------------------------------
-- Data for table `njp13b`.`pet`
-- -----------------------------------------------------
START TRANSACTION;
USE `njp13b`;
INSERT INTO `njp13b`.`pet` (`pet_id`, `pst_id`, `cus_id`, `pet_type`, `pet_sex`, `pet_cost`, `pet_price`, `pet_age`, `pet_color`, `pet_sale_date`, `pet_vaccine`, `pet_neuter`, `pet_notes`) VALUES (1, 1, 1, 'dog', 'm', 234.43, 234, 10, 'brown', '2005-05-04', 'y', 'n', 'note1');
INSERT INTO `njp13b`.`pet` (`pet_id`, `pst_id`, `cus_id`, `pet_type`, `pet_sex`, `pet_cost`, `pet_price`, `pet_age`, `pet_color`, `pet_sale_date`, `pet_vaccine`, `pet_neuter`, `pet_notes`) VALUES (2, 2, 2, 'cat', 'f', 326.88, 4553, 4, 'blue', '1994-10-10', 'n', 'n', 'note2');
INSERT INTO `njp13b`.`pet` (`pet_id`, `pst_id`, `cus_id`, `pet_type`, `pet_sex`, `pet_cost`, `pet_price`, `pet_age`, `pet_color`, `pet_sale_date`, `pet_vaccine`, `pet_neuter`, `pet_notes`) VALUES (3, 3, 3, 'rabbit', 'f', 44.80, 57334, 6, 'pink', '1953-12-12', 'n', 'y', 'note3');
INSERT INTO `njp13b`.`pet` (`pet_id`, `pst_id`, `cus_id`, `pet_type`, `pet_sex`, `pet_cost`, `pet_price`, `pet_age`, `pet_color`, `pet_sale_date`, `pet_vaccine`, `pet_neuter`, `pet_notes`) VALUES (4, 4, 4, 'dog', 'm', 250.00, 4326, 9, 'orange', '2000-03-20', 'n', 'y', 'note4');
INSERT INTO `njp13b`.`pet` (`pet_id`, `pst_id`, `cus_id`, `pet_type`, `pet_sex`, `pet_cost`, `pet_price`, `pet_age`, `pet_color`, `pet_sale_date`, `pet_vaccine`, `pet_neuter`, `pet_notes`) VALUES (5, 5, 5, 'kangaroo', 'm', 99999.99, 85678, 14, 'red', '2015-01-25', 'y', 'y', 'note5');
INSERT INTO `njp13b`.`pet` (`pet_id`, `pst_id`, `cus_id`, `pet_type`, `pet_sex`, `pet_cost`, `pet_price`, `pet_age`, `pet_color`, `pet_sale_date`, `pet_vaccine`, `pet_neuter`, `pet_notes`) VALUES (6, 6, 6, 'cat', 'm', 100.32, 4573, 6, 'green', '1903-12-23', 'y', 'n', 'note6');
INSERT INTO `njp13b`.`pet` (`pet_id`, `pst_id`, `cus_id`, `pet_type`, `pet_sex`, `pet_cost`, `pet_price`, `pet_age`, `pet_color`, `pet_sale_date`, `pet_vaccine`, `pet_neuter`, `pet_notes`) VALUES (7, 7, 7, 'dog', 'f', 200.23, 456, 34, 'purple', '2000-05-17', 'n', 'y', 'note7');
INSERT INTO `njp13b`.`pet` (`pet_id`, `pst_id`, `cus_id`, `pet_type`, `pet_sex`, `pet_cost`, `pet_price`, `pet_age`, `pet_color`, `pet_sale_date`, `pet_vaccine`, `pet_neuter`, `pet_notes`) VALUES (8, 8, 8, 'fish', 'f', 5.00, 357, 1, 'magenta', '2001-06-10', 'n', 'y', 'note8');
INSERT INTO `njp13b`.`pet` (`pet_id`, `pst_id`, `cus_id`, `pet_type`, `pet_sex`, `pet_cost`, `pet_price`, `pet_age`, `pet_color`, `pet_sale_date`, `pet_vaccine`, `pet_neuter`, `pet_notes`) VALUES (9, 9, 9, 'dinosaur', 'm', 999999.98, 431, 3, 'black', '2006-01-28', 'y', 'y', 'note9');
INSERT INTO `njp13b`.`pet` (`pet_id`, `pst_id`, `cus_id`, `pet_type`, `pet_sex`, `pet_cost`, `pet_price`, `pet_age`, `pet_color`, `pet_sale_date`, `pet_vaccine`, `pet_neuter`, `pet_notes`) VALUES (10, 10, 10, 'mouse', 'f', 10.65, 5938, 15, 'white', '2010-10-10', 'y', 'n', 'note10');

COMMIT;

